zip_code,yr,avg_appr_val,yoy_change_pct
77002,2023,452689.95,3.94
77002,2024,458130.15,1.2
77002,2025,463624.9,1.2
77003,2023,353926.86,11.01
77003,2024,360424.23,1.84
77003,2025,371162.38,2.98
77004,2023,359624.37,9.74
77004,2024,371294.15,3.24
77004,2025,380592.59,2.5
77005,2023,1495071.2,9.47
77005,2024,1576823.17,5.47
77005,2025,1673254.92,6.12
77006,2023,705878.34,9.39
77006,2024,715169.65,1.32
77006,2025,750427.62,4.93
77007,2023,586750.65,8.92
77007,2024,603063.45,2.78
77007,2025,622799.09,3.27
77008,2023,632511.48,9.97
77008,2024,661556.88,4.59
77008,2025,687194.54,3.88
77009,2023,455545.96,11.1
77009,2024,477151.99,4.74
77009,2025,492096.72,3.13
77011,2023,184894.65,17.37
77011,2024,197861.6,7.01
77011,2025,211272.19,6.78
77012,2023,149188.24,15.09
77012,2024,159499.35,6.91
77012,2025,170677.71,7.01
77013,2023,160587.67,11.32
77013,2024,171927.09,7.06
77013,2025,180015.36,4.7
77014,2023,228291.85,10.42
77014,2024,240510.0,5.35
77014,2025,247453.38,2.89
77015,2023,188243.41,12.95
77015,2024,194031.94,3.08
77015,2025,197345.62,1.71
77016,2023,137134.2,17.84
77016,2024,144660.8,5.49
77016,2025,154923.41,7.09
77017,2023,171203.48,10.74
77017,2024,178737.4,4.4
77017,2025,188580.31,5.51
77018,2023,557248.4,10.11
77018,2024,602880.16,8.19
77018,2025,622210.16,3.21
77019,2023,1629187.72,8.78
77019,2024,1693376.13,3.94
77019,2025,1806465.21,6.68
77020,2023,179710.52,17.0
77020,2024,189174.35,5.27
77020,2025,194673.94,2.91
77021,2023,230293.83,11.85
77021,2024,240690.11,4.51
77021,2025,248521.49,3.25
77022,2023,193842.75,14.82
77022,2024,209937.24,8.3
77022,2025,222997.9,6.22
77023,2023,257704.25,11.65
77023,2024,266255.17,3.32
77023,2025,274099.3,2.95
77024,2023,1696376.4,7.25
77024,2024,1764516.38,4.02
77024,2025,1906204.07,8.03
77025,2023,628876.15,8.21
77025,2024,654063.92,4.01
77025,2025,683381.85,4.48
77026,2023,134590.66,21.66
77026,2024,144997.15,7.73
77026,2025,153882.88,6.13
77027,2023,1382311.91,7.73
77027,2024,1429163.77,3.39
77027,2025,1515601.46,6.05
77028,2023,126347.76,21.85
77028,2024,139702.84,10.57
77028,2025,149531.66,7.04
77029,2023,125328.28,14.03
77029,2024,135180.73,7.86
77029,2025,143150.64,5.9
77030,2023,955129.27,7.41
77030,2024,1004268.56,5.14
77030,2025,1056291.28,5.18
77031,2023,244572.21,12.57
77031,2024,262357.27,7.27
77031,2025,272695.86,3.94
77032,2023,149480.1,19.39
77032,2024,160089.81,7.1
77032,2025,166557.49,4.04
77033,2023,126382.36,15.46
77033,2024,131360.91,3.94
77033,2025,136943.3,4.25
77034,2023,205427.86,11.44
77034,2024,213721.8,4.04
77034,2025,217112.64,1.59
77035,2023,266914.05,8.98
77035,2024,271760.36,1.82
77035,2025,277878.52,2.25
77036,2023,250484.02,10.85
77036,2024,255349.14,1.94
77036,2025,265400.89,3.94
77037,2023,178802.38,18.07
77037,2024,187546.68,4.89
77037,2025,197245.71,5.17
77038,2023,206461.46,16.17
77038,2024,214896.93,4.09
77038,2025,222921.41,3.73
77039,2023,171249.49,20.57
77039,2024,182540.58,6.59
77039,2025,191718.62,5.03
77040,2023,258438.39,11.02
77040,2024,274616.14,6.26
77040,2025,281937.5,2.67
77041,2023,322525.64,10.4
77041,2024,344532.33,6.82
77041,2025,350875.73,1.84
77042,2023,536497.65,8.27
77042,2024,561145.66,4.59
77042,2025,598825.12,6.71
77043,2023,355145.93,10.81
77043,2024,365501.23,2.92
77043,2025,383070.91,4.81
77044,2023,293611.97,11.12
77044,2024,306906.36,4.53
77044,2025,310330.58,1.12
77045,2023,179623.18,14.69
77045,2024,188692.29,5.05
77045,2025,196050.44,3.9
77047,2023,223845.63,14.38
77047,2024,233287.58,4.22
77047,2025,237002.74,1.59
77048,2023,189061.71,16.45
77048,2024,195310.03,3.3
77048,2025,200441.81,2.63
77049,2023,229297.94,12.45
77049,2024,235766.39,2.82
77049,2025,240692.41,2.09
77050,2023,160893.84,19.02
77050,2024,170241.42,5.81
77050,2025,174189.14,2.32
77051,2023,166888.12,16.44
77051,2024,180810.41,8.34
77051,2025,185939.99,2.84
77053,2023,172396.44,18.46
77053,2024,183866.38,6.65
77053,2025,194429.38,5.74
77054,2023,332832.74,12.44
77054,2024,337892.52,1.52
77054,2025,338241.38,0.1
77055,2023,682975.93,8.75
77055,2024,711638.34,4.2
77055,2025,754440.5,6.01
77056,2023,1324035.93,4.21
77056,2024,1322655.18,-0.1
77056,2025,1407363.01,6.4
77057,2023,798908.92,4.01
77057,2024,805298.69,0.8
77057,2025,861102.19,6.93
77058,2023,333406.6,10.08
77058,2024,334997.61,0.48
77058,2025,346944.72,3.57
77059,2023,452981.72,9.71
77059,2024,466864.85,3.06
77059,2025,484559.77,3.79
77060,2023,177934.67,16.75
77060,2024,188552.99,5.97
77060,2025,195134.37,3.49
77061,2023,227433.87,11.58
77061,2024,233045.07,2.47
77061,2025,234011.19,0.41
77062,2023,320546.45,10.0
77062,2024,325156.22,1.44
77062,2025,333381.53,2.53
77063,2023,505583.95,7.04
77063,2024,511329.46,1.14
77063,2025,527898.64,3.24
77064,2023,259174.16,11.04
77064,2024,269761.71,4.09
77064,2025,283504.17,5.09
77065,2023,277556.59,10.61
77065,2024,293520.03,5.75
77065,2025,299792.71,2.14
77066,2023,225190.53,12.22
77066,2024,233353.63,3.62
77066,2025,240064.05,2.88
77067,2023,193107.74,11.57
77067,2024,202282.64,4.75
77067,2025,211199.83,4.41
77068,2023,326942.74,10.61
77068,2024,347916.58,6.42
77068,2025,349779.03,0.54
77069,2023,358212.59,10.44
77069,2024,376296.0,5.05
77069,2025,377787.22,0.4
77070,2023,286915.89,10.62
77070,2024,298289.29,3.96
77070,2025,305009.01,2.25
77071,2023,248552.02,12.92
77071,2024,268095.65,7.86
77071,2025,275911.0,2.92
77072,2023,188309.21,11.78
77072,2024,198961.54,5.66
77072,2025,204903.27,2.99
77073,2023,221901.26,10.87
77073,2024,228828.93,3.12
77073,2025,232697.29,1.69
77074,2023,221018.58,10.84
77074,2024,228531.06,3.4
77074,2025,232609.97,1.78
77075,2023,232668.9,11.54
77075,2024,245048.31,5.32
77075,2025,251683.01,2.71
77076,2023,169001.06,16.73
77076,2024,180809.44,6.99
77076,2025,188819.67,4.43
77077,2023,426346.46,9.75
77077,2024,440752.34,3.38
77077,2025,453725.74,2.94
77078,2023,130455.64,19.08
77078,2024,138432.07,6.11
77078,2025,145508.87,5.11
77079,2023,690364.11,10.79
77079,2024,739964.92,7.18
77079,2025,783699.39,5.91
77080,2023,330969.97,10.89
77080,2024,343328.44,3.73
77080,2025,362614.31,5.62
77081,2023,451842.99,8.2
77081,2024,452754.75,0.2
77081,2025,471732.25,4.19
77082,2023,326489.66,11.29
77082,2024,337490.65,3.37
77082,2025,345833.45,2.47
77083,2023,248049.79,11.9
77083,2024,260839.39,5.16
77083,2025,269085.06,3.16
77084,2023,257515.25,11.58
77084,2024,268888.42,4.42
77084,2025,275114.2,2.32
77085,2023,203303.01,11.09
77085,2024,217009.49,6.74
77085,2025,227174.77,4.68
77086,2023,203878.67,11.78
77086,2024,214844.16,5.38
77086,2025,225585.32,5.0
77087,2023,163177.81,11.99
77087,2024,170108.7,4.25
77087,2025,179117.66,5.3
77088,2023,183163.32,13.56
77088,2024,193594.02,5.69
77088,2025,204675.99,5.72
77089,2023,266520.1,11.34
77089,2024,278138.98,4.36
77089,2025,285936.36,2.8
77090,2023,254379.19,11.47
77090,2024,263767.64,3.69
77090,2025,268017.64,1.61
77091,2023,223285.39,17.35
77091,2024,244640.22,9.56
77091,2025,256724.93,4.94
77092,2023,279192.66,9.12
77092,2024,286016.82,2.44
77092,2025,292840.81,2.39
77093,2023,146774.54,18.99
77093,2024,155871.8,6.2
77093,2025,167631.01,7.54
77094,2023,551724.91,10.08
77094,2024,582136.81,5.51
77094,2025,617532.58,6.08
77095,2023,307027.07,10.91
77095,2024,323464.11,5.35
77095,2025,329997.13,2.02
77096,2023,448574.64,9.12
77096,2024,462500.51,3.1
77096,2025,475653.87,2.84
77098,2023,885042.69,9.12
77098,2024,883963.55,-0.12
77098,2025,921282.77,4.22
77099,2023,201781.75,12.22
77099,2024,212903.85,5.51
77099,2025,218698.88,2.72
77251,2023,318768.96,9.09
77251,2024,302834.89,-5.0
77251,2025,301611.52,-0.4
77336,2023,337962.56,13.22
77336,2024,354134.85,4.79
77336,2025,359159.05,1.42
77338,2023,225835.75,12.39
77338,2024,231524.88,2.52
77338,2025,234079.01,1.1
77339,2023,301550.84,10.88
77339,2024,321709.69,6.69
77339,2025,334688.5,4.03
77345,2023,397468.51,10.67
77345,2024,426250.42,7.24
77345,2025,440876.51,3.43
77346,2023,321346.25,11.64
77346,2024,333509.0,3.78
77346,2025,334998.07,0.45
77357,2023,226040.56,21.0
77357,2024,221455.89,-2.03
77357,2025,290642.12,31.24
77365,2023,416978.95,10.0
77365,2024,395172.67,-5.23
77365,2025,412736.26,4.44
77373,2023,237327.7,13.69
77373,2024,247273.31,4.19
77373,2025,252207.27,2.0
77375,2023,374974.0,13.53
77375,2024,396323.82,5.69
77375,2025,415012.16,4.72
77377,2023,408082.8,12.89
77377,2024,432144.97,5.9
77377,2025,455087.87,5.31
77379,2023,364484.62,11.03
77379,2024,382391.04,4.91
77379,2025,391010.58,2.25
77388,2023,288444.06,10.78
77388,2024,301268.0,4.45
77388,2025,307914.95,2.21
77389,2023,506631.81,12.23
77389,2024,538051.37,6.2
77389,2025,575982.83,7.05
77396,2023,270887.8,11.42
77396,2024,284410.71,4.99
77396,2025,289263.01,1.71
77401,2023,992488.41,8.4
77401,2024,1037347.3,4.52
77401,2025,1094022.61,5.46
77429,2023,374799.59,10.91
77429,2024,398302.21,6.27
77429,2025,408246.2,2.5
77433,2023,426960.06,13.01
77433,2024,450402.4,5.49
77433,2025,469609.5,4.26
77443,2023,600672.25,9.88
77443,2024,668810.0,11.34
77443,2025,676729.0,1.18
77447,2023,304834.33,10.97
77447,2024,306579.95,0.57
77447,2025,314968.87,2.74
77449,2023,259657.75,12.76
77449,2024,266189.62,2.52
77449,2025,272374.57,2.32
77450,2023,340758.17,11.5
77450,2024,360169.29,5.7
77450,2025,377405.52,4.79
77477,2023,209368.7,10.61
77477,2024,214730.01,2.56
77477,2025,223441.81,4.06
77484,2023,305779.11,12.18
77484,2024,325682.99,6.51
77484,2025,315642.69,-3.08
77489,2023,262872.46,14.41
77489,2024,276492.83,5.18
77489,2025,287548.09,4.0
77493,2023,335066.26,13.25
77493,2024,342363.45,2.18
77493,2025,349175.3,1.99
77494,2023,336399.35,12.15
77494,2024,358195.91,6.48
77494,2025,377929.11,5.51
77498,2025,296655.0,4.97
77501,2023,335536.0,10.0
77501,2024,358273.0,6.78
77501,2025,358273.0,0.0
77502,2023,185192.65,11.53
77502,2024,190989.39,3.13
77502,2025,196859.23,3.07
77503,2023,180960.96,11.36
77503,2024,192065.57,6.14
77503,2025,200363.44,4.32
77504,2023,249647.42,7.66
77504,2024,260420.29,4.32
77504,2025,271818.28,4.38
77505,2023,296775.65,10.29
77505,2024,305401.27,2.91
77505,2025,317716.03,4.03
77506,2023,139460.21,12.6
77506,2024,147445.75,5.73
77506,2025,152738.88,3.59
77520,2023,152585.94,13.09
77520,2024,160326.6,5.07
77520,2025,166750.14,4.01
77521,2023,239249.38,10.98
77521,2024,246182.58,2.9
77521,2025,250433.07,1.73
77523,2023,272610.85,11.49
77523,2024,279039.72,2.36
77523,2025,264122.5,-5.35
77530,2023,192379.02,12.77
77530,2024,198700.91,3.29
77530,2025,204869.54,3.1
77532,2023,259687.21,11.88
77532,2024,270061.29,3.99
77532,2025,278749.76,3.22
77535,2023,171636.17,25.35
77535,2024,214043.0,24.71
77535,2025,224928.71,5.09
77536,2023,265744.28,10.34
77536,2024,272895.14,2.69
77536,2025,280282.17,2.71
77546,2023,307867.74,10.36
77546,2024,316951.69,2.95
77546,2025,334167.32,5.43
77547,2023,131355.81,17.34
77547,2024,137445.49,4.64
77547,2025,144835.19,5.38
77562,2023,208898.44,13.4
77562,2024,215856.68,3.33
77562,2025,229228.78,6.19
77571,2023,256174.77,11.25
77571,2024,260219.89,1.58
77571,2025,264286.78,1.56
77573,2024,228729.0,0.0
77573,2025,248703.0,8.73
77581,2023,391898.94,11.71
77581,2024,417088.04,6.43
77581,2025,439098.89,5.28
77586,2023,390426.84,9.71
77586,2024,393381.78,0.76
77586,2025,410527.65,4.36
77587,2023,175262.26,12.66
77587,2024,185182.44,5.66
77587,2025,194758.93,5.17
77597,2023,430533.0,10.0
77597,2024,440215.0,2.25
77597,2025,475000.0,7.9
77598,2023,281776.47,13.1
77598,2024,292660.38,3.86
77598,2025,311621.97,6.48
